Wall time,Step,Value
1650881904.050286,1,0.6887813806533813
1650881942.2097619,10,0.5231752991676331
1650881986.4401088,20,0.4226517677307129
1650882030.2115734,30,0.36742904782295227
1650882073.0005898,40,0.3071693778038025
1650882115.8190143,50,0.228862926363945
1650882158.643846,60,0.1393175572156906
