Name,Wall time,Step,train,val
train,1650881904.050286,1,0.6887813806533813,0.4390625059604645
train,1650881942.2097619,10,0.5231752991676331,0.26249998807907104
train,1650881986.4401088,20,0.4226517677307129,0.23749999701976776
train,1650882030.2115734,30,0.36742904782295227,0.20937499403953552
train,1650882073.0005898,40,0.3071693778038025,0.22968749701976776
train,1650882115.8190143,50,0.228862926363945,0.21406249701976776
train,1650882158.643846,60,0.1393175572156906,0.21562500298023224
